y,y_hat,label
-1.5971092887254,-1.86732006072998,workflow
-1.8562488834887,-1.97562777996063,workflow
-1.52247131545249,-1.28938519954681,workflow
-1.44618155664898,-1.42793214321136,workflow
-1.46795831382525,-1.5912629365921,workflow
-1.80376766368936,-1.82515239715576,workflow
-1.82934274988413,-1.83434176445007,workflow
-1.71135714956343,-1.75865089893341,workflow
-1.12453654192759,-1.21847450733185,workflow
-1.32797637915767,-1.40306830406189,workflow
-1.09005903876117,-1.30079638957977,workflow
-1.65245863070003,-1.79691386222839,workflow
-1.61102070487159,-1.73095619678497,workflow
-1.88516423473954,-1.80049014091492,workflow
-1.67852413451979,-1.6181675195694,workflow
-1.82566680079851,-1.78389763832092,workflow
-1.04418107687372,-1.14881789684296,workflow
-1.6312618520054,-1.97758042812347,workflow
-1.27057266042845,-0.979001402854919,workflow
-1.77502113863466,-1.70919144153595,workflow
-1.85435105324663,-1.96452295780182,workflow
-1.34616190384182,-1.4192636013031,workflow
-1.42272178391714,-1.52872931957245,workflow
-1.61157438817057,-1.74491441249847,workflow
-1.52691224259046,-1.45454573631287,workflow
-1.89035180955273,-1.88826537132263,workflow
-1.53512949043623,-1.57678127288818,workflow
-1.59856839359007,-1.67685544490814,workflow
-1.66335497297697,-1.63592112064362,workflow
-1.65566716051623,-1.8555246591568,workflow
-1.49748462058811,-1.46419811248779,workflow
-1.72623119287702,-1.63721692562103,workflow
-1.66149412174577,-1.40606677532196,workflow
-0.915658192383998,-0.719634711742401,workflow
-1.0281184245006,-1.33576667308807,workflow
-1.61918945973341,-1.65463244915009,workflow
-1.57811516663328,-1.81343019008636,workflow
-1.46391737607631,-1.73787224292755,workflow
-1.45638769617009,-1.88043797016144,workflow
-1.74254137703261,-1.76675355434418,workflow
-1.17523125819496,-1.29321312904358,workflow
-1.66461939904401,-1.70623600482941,workflow
-1.86732273576172,-1.83740317821503,workflow
-1.75369718830823,-1.71136295795441,workflow
-1.80772555374932,-1.71719658374786,workflow
-1.68457569209624,-1.67658758163452,workflow
-1.76347736278653,-1.7757169008255,workflow
-1.65259616343097,-1.48650121688843,workflow
-2.01751179962179,-1.99628472328186,workflow
-1.8263075609161,-1.46004140377045,workflow
-1.76621049555372,-1.66714549064636,workflow
-1.68979309400981,-1.56225693225861,workflow
-2.11435011045996,-1.95868277549744,workflow
-1.96614013697024,-1.87790727615356,workflow
-1.77168101443455,-1.71013343334198,workflow
-2.11409948206877,-2.03733587265015,workflow
-2.1789013153903,-2.0768141746521,workflow
-1.51100692825638,-1.35873079299927,workflow
-2.09934273886491,-2.01648306846619,workflow
-1.50932018602644,-1.53041958808899,workflow
-1.88271437723897,-1.83361804485321,workflow
-2.1959131144679,-1.93733286857605,workflow
-1.52026654805678,-1.43158340454102,workflow
-1.44615988379577,-1.45590388774872,workflow
-1.4447312753136,-1.39786922931671,workflow
-2.13148318698968,-1.7328085899353,workflow
-1.82126775241879,-1.82525050640106,workflow
-2.01557304476162,-1.64961862564087,workflow
-1.38367351737543,-1.24818253517151,workflow
-2.00176200372204,-1.67694354057312,workflow
-1.76772893726088,-1.68964171409607,workflow
-1.36456032205193,-1.20604836940765,workflow
-1.66327020203794,-1.61172735691071,workflow
-1.94924605825194,-1.65285038948059,workflow
-1.98299395345824,-1.83845698833466,workflow
-1.59820464295985,-1.58209633827209,workflow
-1.69606042770425,-1.65970396995544,workflow
-1.57609565615266,-1.48703968524933,workflow
-1.39782963199679,-1.44983315467834,workflow
-1.67356356842994,-1.65569567680359,workflow
-1.60514730524833,-1.48085749149323,workflow
-1.13850019917081,-1.15508472919464,workflow
-1.82509881029699,-1.76244413852692,workflow
-1.98926461348407,-1.99448025226593,workflow
-1.71914598364807,-1.96818506717682,workflow
-1.92234766231918,-1.79082429409027,workflow
-1.6846370079933,-1.56378722190857,workflow
-1.45242452723109,-1.44187998771667,workflow
-1.67521763996767,-1.64707493782043,workflow
-1.69120268396888,-1.53559947013855,workflow
-1.52483949902041,-1.59130573272705,workflow
-1.80588388597083,-1.66648137569428,workflow
-2.08078012889117,-1.80689024925232,workflow
-2.03967730768366,-2.06973075866699,workflow
-2.2803370520317,-2.43347144126892,workflow
-1.93875872641645,-1.82507812976837,workflow
-2.40120021437392,-2.26734781265259,workflow
-1.45002778513991,-1.43738162517548,workflow
-1.58739887409282,-1.65466463565826,workflow
-1.50467005355475,-1.49777555465698,workflow
-2.10362303079902,-1.81718492507935,workflow
-2.06908761232061,-2.18567752838135,workflow
-1.12919578352817,-1.22613418102264,workflow
-1.88372368321874,-1.78525304794312,workflow
-1.65615682491572,-1.56922721862793,workflow
-1.58674736374455,-1.51085996627808,workflow
-1.70556862039703,-1.61249184608459,workflow
-2.03345333457184,-1.80578744411469,workflow
-1.7555901121855,-1.7741003036499,workflow
-2.13028799350108,-2.2134108543396,workflow
-2.00509971351343,-1.85025143623352,workflow
-1.40512293542105,-1.52262508869171,workflow
-1.82563397812732,-1.73250687122345,workflow
-1.30165915875108,-0.860744476318359,workflow
-2.13090568704684,-1.97369599342346,workflow
-1.5066593511382,-1.48918402194977,workflow
-2.06924252537799,-1.76270294189453,workflow
-1.55422935098021,-1.55539262294769,workflow
-1.74184087751017,-1.69424629211426,workflow
-1.86535702040904,-1.87858009338379,workflow
