rch_site,scenario,dx,dy,Transient,Stationary
1,100,25.0,-25.0,2523898.162841797,4286522.521972656
1,101,25.0,-25.0,1875451.3549804688,3701990.966796875
1,102,25.0,-25.0,2168649.7497558594,4089071.6552734375
1,103,25.0,-25.0,952355.95703125,1913416.5954589844
1,104,25.0,-25.0,1530835.4187011719,2748957.8247070312
1,105,25.0,-25.0,1275462.875366211,2025821.6857910156
1,106,25.0,-25.0,824043.0450439453,1155665.054321289
1,107,25.0,-25.0,1001739.9597167969,1361185.6079101562
1,108,25.0,-25.0,974775.2380371094,1889779.052734375
1,109,25.0,-25.0,1117323.226928711,799035.7971191406
1,10,25.0,-25.0,463071.32720947266,1074237.289428711
1,110,25.0,-25.0,1909236.1450195312,2221402.2827148438
1,111,25.0,-25.0,298148.36502075195,463156.43310546875
1,112,25.0,-25.0,1290471.3439941406,2380474.395751953
1,113,25.0,-25.0,2692513.7329101562,5175992.431640625
1,114,25.0,-25.0,672212.6007080078,1654995.7275390625
1,115,25.0,-25.0,2171340.1794433594,4041555.17578125
1,116,25.0,-25.0,373895.37811279297,644637.2985839844
1,117,25.0,-25.0,222709.44595336914,349636.26861572266
1,118,25.0,-25.0,1103122.9400634766,1557102.2033691406
1,119,25.0,-25.0,680579.3762207031,1148277.816772461
1,11,25.0,-25.0,754478.5308837891,1068110.122680664
1,120,25.0,-25.0,1457671.6613769531,3145841.9799804688
1,12,25.0,-25.0,169495.0294494629,285019.96994018555
1,13,25.0,-25.0,479997.1008300781,942739.0289306641
1,14,25.0,-25.0,1268738.8610839844,2524345.3979492188
1,15,25.0,-25.0,1078054.0466308594,2434897.3083496094
1,16,25.0,-25.0,724574.3560791016,1698209.3811035156
1,17,25.0,-25.0,1669538.57421875,3898266.9067382812
1,18,25.0,-25.0,191695.59478759766,667125.7781982422
1,19,25.0,-25.0,1134085.0830078125,4042073.3642578125
1,1,25.0,-25.0,495921.9741821289,983043.1365966797
1,20,25.0,-25.0,1202859.115600586,4838976.745605469
1,21,25.0,-25.0,963394.775390625,3084739.3798828125
1,22,25.0,-25.0,770719.0704345703,1640260.9252929688
1,23,25.0,-25.0,322592.04864501953,534463.6154174805
1,24,25.0,-25.0,871605.6823730469,1260206.2225341797
1,25,25.0,-25.0,1578563.6901855469,2298181.610107422
1,26,25.0,-25.0,1053086.5478515625,1600802.3071289062
1,27,25.0,-25.0,1303432.6171875,2015467.0715332031
1,28,25.0,-25.0,1088353.1951904297,2111032.71484375
1,29,25.0,-25.0,162038.87939453125,351511.87896728516
1,2,25.0,-25.0,610370.5978393555,1147804.6417236328
1,30,25.0,-25.0,709312.4389648438,1664693.2983398438
1,31,25.0,-25.0,2942955.6274414062,7326748.046875
1,32,25.0,-25.0,1158226.0131835938,3205193.4814453125
1,33,25.0,-25.0,1450497.2839355469,3087222.5952148438
1,34,25.0,-25.0,119955.5492401123,243049.41177368164
1,35,25.0,-25.0,1467740.6311035156,2319645.0805664062
1,36,25.0,-25.0,964917.6788330078,1526629.4860839844
1,37,25.0,-25.0,292737.4839782715,478311.72943115234
1,38,25.0,-25.0,18802.595138549805,30677.42347717285
1,39,25.0,-25.0,20123.47459793091,30342.845916748047
1,3,25.0,-25.0,1956314.3920898438,3971791.6870117188
1,40,25.0,-25.0,1562008.6669921875,2425170.5932617188
1,41,25.0,-25.0,1517992.7062988281,3249124.755859375
1,42,25.0,-25.0,1620263.5192871094,3828237.6098632812
1,43,25.0,-25.0,1179045.3338623047,2668497.314453125
1,44,25.0,-25.0,215001.85012817383,451420.6314086914
1,45,25.0,-25.0,232723.57940673828,366521.49200439453
1,46,25.0,-25.0,548249.1683959961,800516.8151855469
1,47,25.0,-25.0,566629.3334960938,875148.6206054688
1,48,25.0,-25.0,203348.33145141602,400386.31439208984
1,49,25.0,-25.0,1843809.0515136719,2762650.146484375
1,4,25.0,-25.0,1726523.1323242188,3522455.1391601562
1,50,25.0,-25.0,882156.9061279297,1343790.4357910156
1,51,25.0,-25.0,466094.32220458984,667182.3120117188
1,52,25.0,-25.0,697102.5848388672,1014309.3872070312
1,53,25.0,-25.0,699439.697265625,1128232.8033447266
1,54,25.0,-25.0,618660.3546142578,1043114.2425537109
1,55,25.0,-25.0,2136564.7888183594,2950074.462890625
1,56,25.0,-25.0,291946.3348388672,383841.1331176758
1,57,25.0,-25.0,442026.06201171875,530105.8959960938
1,58,25.0,-25.0,212073.95553588867,198206.42471313477
1,59,25.0,-25.0,2343793.487548828,4659547.7294921875
1,5,25.0,-25.0,802503.4332275391,2106141.357421875
1,60,25.0,-25.0,1728622.8942871094,3553302.3071289062
1,61,25.0,-25.0,1169323.5778808594,1849488.3728027344
1,62,25.0,-25.0,1911500.3967285156,2855563.6596679688
1,63,25.0,-25.0,1838359.2224121094,2435188.1408691406
1,64,25.0,-25.0,1552377.0141601562,1863992.4621582031
1,65,25.0,-25.0,1166221.0845947266,1468638.916015625
1,66,25.0,-25.0,422700.69122314453,547741.3940429688
1,67,25.0,-25.0,1067520.6756591797,1215465.2404785156
1,68,25.0,-25.0,573310.546875,611063.5757446289
1,69,25.0,-25.0,721467.6666259766,1206095.8099365234
1,6,25.0,-25.0,456529.3502807617,1596863.5559082031
1,70,25.0,-25.0,1257241.0583496094,2542573.8525390625
1,71,25.0,-25.0,1545423.8891601562,3264203.4912109375
1,72,25.0,-25.0,742600.9368896484,1488862.7624511719
1,73,25.0,-25.0,2171874.542236328,2996098.3276367188
1,74,25.0,-25.0,3042225.6469726562,3943151.5502929688
1,75,25.0,-25.0,612059.0209960938,635231.0562133789
1,76,25.0,-25.0,1505461.7309570312,1153419.418334961
1,77,25.0,-25.0,1120988.8458251953,1022490.1580810547
1,78,25.0,-25.0,1019572.3724365234,1034232.0251464844
1,79,25.0,-25.0,395532.5698852539,419132.38525390625
1,7,25.0,-25.0,1266482.162475586,4405644.836425781
1,80,25.0,-25.0,860319.9768066406,1399127.6550292969
1,81,25.0,-25.0,1141130.7525634766,2000260.1623535156
1,82,25.0,-25.0,1410335.693359375,2578828.125
1,83,25.0,-25.0,119270.56312561035,285060.8253479004
1,84,25.0,-25.0,813882.8277587891,1446689.3005371094
1,85,25.0,-25.0,196175.68969726562,226715.2214050293
1,86,25.0,-25.0,9545.66478729248,8506.730794906616
1,87,25.0,-25.0,1747913.3605957031,2007127.5329589844
1,88,25.0,-25.0,826281.5856933594,1076369.2474365234
1,89,25.0,-25.0,2455077.0568847656,4243871.154785156
1,8,25.0,-25.0,193965.3205871582,707969.4366455078
1,90,25.0,-25.0,112692.71850585938,186853.31344604492
1,91,25.0,-25.0,864482.8033447266,1565453.0334472656
1,92,25.0,-25.0,1576520.2331542969,2754111.328125
1,93,25.0,-25.0,1399302.0629882812,2368254.2419433594
1,94,25.0,-25.0,695846.1761474609,1164007.9498291016
1,95,25.0,-25.0,973927.6123046875,1547910.15625
1,96,25.0,-25.0,51630.46836853027,72850.80909729004
1,97,25.0,-25.0,74156.53705596924,65223.75583648682
1,98,25.0,-25.0,210794.62051391602,248056.5643310547
1,99,25.0,-25.0,923689.1937255859,1472126.0070800781
1,9,25.0,-25.0,84703.14025878906,270724.65896606445
3,100,25.0,-25.0,5122100.2197265625,11173463.134765625
3,101,25.0,-25.0,716160.2020263672,1933058.1665039062
3,102,25.0,-25.0,4325907.287597656,8140468.75
3,103,25.0,-25.0,941752.0141601562,2346316.2231445312
3,104,25.0,-25.0,3474510.498046875,6013328.2470703125
3,105,25.0,-25.0,463096.80938720703,929049.6063232422
3,106,25.0,-25.0,1599955.9020996094,2539583.1298828125
3,107,25.0,-25.0,894591.6748046875,1621941.2231445312
3,108,25.0,-25.0,86697.1492767334,233572.7310180664
3,109,25.0,-25.0,1374297.9431152344,3492905.5786132812
3,10,25.0,-25.0,887285.3088378906,1614525.7568359375
3,110,25.0,-25.0,1151707.9162597656,2790411.0717773438
3,111,25.0,-25.0,2663011.1694335938,6421333.0078125
3,112,25.0,-25.0,2677792.3583984375,6173471.6796875
3,113,25.0,-25.0,3376107.4829101562,7160539.55078125
3,114,25.0,-25.0,4015569.4580078125,7601636.3525390625
3,115,25.0,-25.0,1835886.9934082031,3881285.0952148438
3,116,25.0,-25.0,1983797.9125976562,3491547.5463867188
3,117,25.0,-25.0,2291812.286376953,3762259.521484375
3,118,25.0,-25.0,703651.1993408203,1381114.6545410156
3,119,25.0,-25.0,1523780.9753417969,2214512.6342773438
3,11,25.0,-25.0,664550.3997802734,1261206.5124511719
3,120,25.0,-25.0,1116855.1635742188,1777064.8193359375
3,12,25.0,-25.0,1498435.6689453125,2314637.1459960938
3,13,25.0,-25.0,2316626.739501953,3514655.4565429688
3,14,25.0,-25.0,676148.9868164062,1127234.8022460938
3,15,25.0,-25.0,338054.9621582031,600282.8216552734
3,16,25.0,-25.0,877715.6066894531,1808243.5607910156
3,17,25.0,-25.0,1820092.4682617188,3916724.5483398438
3,18,25.0,-25.0,151120.72944641113,507261.46697998047
3,19,25.0,-25.0,611102.6382446289,1590220.0317382812
3,1,25.0,-25.0,1562318.7255859375,2059748.3825683594
3,20,25.0,-25.0,1572550.6591796875,3097265.625
3,21,25.0,-25.0,2409276.580810547,4229468.3837890625
3,22,25.0,-25.0,703225.7080078125,1349628.1433105469
3,23,25.0,-25.0,2358561.553955078,3535070.1904296875
3,24,25.0,-25.0,330626.86920166016,626712.3413085938
3,25,25.0,-25.0,1477138.3666992188,2815788.57421875
3,26,25.0,-25.0,2975529.1748046875,5032438.3544921875
3,27,25.0,-25.0,556037.7883911133,1291828.4606933594
3,28,25.0,-25.0,1844560.3942871094,4246177.062988281
3,29,25.0,-25.0,653585.5102539062,2065507.3547363281
3,2,25.0,-25.0,68948.52638244629,114137.17269897461
3,30,25.0,-25.0,349190.7501220703,1471623.0773925781
3,31,25.0,-25.0,1680820.7702636719,3826626.5869140625
3,32,25.0,-25.0,819495.3155517578,1864798.4313964844
3,33,25.0,-25.0,1895680.2368164062,3525865.478515625
3,34,25.0,-25.0,1374467.0104980469,2384189.7583007812
3,35,25.0,-25.0,1643643.1884765625,2545264.434814453
3,36,25.0,-25.0,281852.91290283203,531337.0895385742
3,37,25.0,-25.0,1187007.827758789,2481310.272216797
3,38,25.0,-25.0,668702.5451660156,1425997.6196289062
3,39,25.0,-25.0,1005914.2303466797,2429205.1696777344
3,3,25.0,-25.0,126907.32955932617,176551.57089233398
3,40,25.0,-25.0,441848.7548828125,1466938.7817382812
3,41,25.0,-25.0,2378789.520263672,6259215.6982421875
3,42,25.0,-25.0,1810254.6691894531,4816182.861328125
3,43,25.0,-25.0,22419.133186340332,173498.78311157227
3,44,25.0,-25.0,698583.0688476562,2020245.2087402344
3,45,25.0,-25.0,1958499.4506835938,4036013.18359375
3,46,25.0,-25.0,903368.2250976562,1859794.7692871094
3,47,25.0,-25.0,827040.7867431641,1686121.9787597656
3,48,25.0,-25.0,605730.1712036133,1291526.1840820312
3,49,25.0,-25.0,1800522.3083496094,3417321.77734375
3,4,25.0,-25.0,559824.6002197266,895997.2381591797
3,50,25.0,-25.0,1176046.2188720703,2347805.0231933594
3,51,25.0,-25.0,322643.73779296875,916603.2409667969
3,52,25.0,-25.0,23179.01849746704,87758.03565979004
3,53,25.0,-25.0,3847738.6474609375,8497772.827148438
3,54,25.0,-25.0,716425.3234863281,2267814.6362304688
3,55,25.0,-25.0,162586.49826049805,686689.6057128906
3,56,25.0,-25.0,1551648.7121582031,3984445.80078125
3,57,25.0,-25.0,107368.5073852539,373553.0090332031
3,58,25.0,-25.0,953060.9130859375,2372022.705078125
3,59,25.0,-25.0,1648879.2419433594,3216447.1435546875
3,5,25.0,-25.0,1270354.995727539,2428767.7001953125
3,60,25.0,-25.0,1085606.2316894531,2260061.03515625
3,61,25.0,-25.0,475693.8171386719,875353.1646728516
3,62,25.0,-25.0,934731.5979003906,1745371.3989257812
3,63,25.0,-25.0,475235.29052734375,1332042.3889160156
3,64,25.0,-25.0,2067200.7751464844,4898568.7255859375
3,65,25.0,-25.0,3022795.1049804688,7133395.3857421875
3,66,25.0,-25.0,1115539.0167236328,3211432.1899414062
3,67,25.0,-25.0,1272344.970703125,3364232.4829101562
3,68,25.0,-25.0,447404.28924560547,1470610.6567382812
3,69,25.0,-25.0,2011373.4436035156,4360648.8037109375
3,6,25.0,-25.0,1679600.9826660156,3113197.021484375
3,70,25.0,-25.0,1223495.2545166016,2998816.5283203125
3,71,25.0,-25.0,170348.8540649414,511320.3430175781
3,72,25.0,-25.0,1683876.953125,3117321.4721679688
3,73,25.0,-25.0,815298.6907958984,1445098.5717773438
3,74,25.0,-25.0,1955401.3061523438,4044474.4873046875
3,75,25.0,-25.0,996228.4088134766,2626492.3095703125
3,76,25.0,-25.0,2295285.186767578,5489345.0927734375
3,77,25.0,-25.0,6030776.9775390625,12647021.484375
3,78,25.0,-25.0,5561497.802734375,10177109.985351562
3,79,25.0,-25.0,4210211.486816406,7878055.419921875
3,7,25.0,-25.0,1425767.822265625,2768840.0268554688
3,80,25.0,-25.0,1765406.0363769531,4278547.36328125
3,81,25.0,-25.0,3611236.572265625,7090347.900390625
3,82,25.0,-25.0,1206412.2772216797,2867334.2895507812
3,83,25.0,-25.0,793579.1015625,1941235.0463867188
3,84,25.0,-25.0,1514970.5505371094,2832281.494140625
3,85,25.0,-25.0,1344554.1381835938,2988967.28515625
3,86,25.0,-25.0,146902.87590026855,404856.26220703125
3,87,25.0,-25.0,301286.0298156738,770472.7935791016
3,88,25.0,-25.0,1697685.8520507812,4210871.58203125
3,89,25.0,-25.0,5136741.943359375,11414396.97265625
3,8,25.0,-25.0,677493.1335449219,1430216.9799804688
3,90,25.0,-25.0,2494970.3979492188,5553171.38671875
3,91,25.0,-25.0,1503525.8483886719,3322321.77734375
3,92,25.0,-25.0,1670637.8173828125,4080055.2368164062
3,93,25.0,-25.0,1440893.5546875,3109242.5537109375
3,94,25.0,-25.0,267406.04400634766,616957.2067260742
3,95,25.0,-25.0,315565.4525756836,817032.7758789062
3,96,25.0,-25.0,334682.7697753906,826586.6088867188
3,97,25.0,-25.0,1204922.1801757812,3063121.0327148438
3,98,25.0,-25.0,2668705.4443359375,6837349.2431640625
3,99,25.0,-25.0,1073966.9799804688,2811494.4458007812
3,9,25.0,-25.0,80389.10865783691,174987.08724975586
5,100,25.0,-25.0,648902.2827148438,1061726.4556884766
5,101,25.0,-25.0,193698.50158691406,335623.89373779297
5,102,25.0,-25.0,674244.6136474609,1117911.9873046875
5,103,25.0,-25.0,787291.3360595703,1128675.308227539
5,104,25.0,-25.0,575590.5151367188,813979.7210693359
5,105,25.0,-25.0,903936.5386962891,1699187.7746582031
5,106,25.0,-25.0,2499342.9565429688,4147812.5
5,107,25.0,-25.0,797244.4152832031,1530818.6340332031
5,108,25.0,-25.0,875853.4240722656,1301444.7021484375
5,109,25.0,-25.0,1292494.2016601562,2081879.1198730469
5,10,25.0,-25.0,1289226.5319824219,2495628.5095214844
5,110,25.0,-25.0,1124313.1256103516,1851436.767578125
5,111,25.0,-25.0,790524.6734619141,1441648.8647460938
5,112,25.0,-25.0,567479.1717529297,1079213.1805419922
5,113,25.0,-25.0,1090248.7182617188,2005215.9118652344
5,114,25.0,-25.0,1835639.3432617188,2946462.0971679688
5,115,25.0,-25.0,1203190.4602050781,1898600.6164550781
5,116,25.0,-25.0,1123313.2934570312,1664347.3815917969
5,117,25.0,-25.0,123326.20620727539,264290.6188964844
5,118,25.0,-25.0,4356863.4033203125,6349171.142578125
5,119,25.0,-25.0,1975813.4460449219,3430223.6938476562
5,11,25.0,-25.0,875309.8297119141,1110524.673461914
5,120,25.0,-25.0,424587.3260498047,529692.1157836914
5,12,25.0,-25.0,983496.7803955078,1368739.1662597656
5,13,25.0,-25.0,505148.88763427734,931923.7518310547
5,14,25.0,-25.0,877875.9002685547,1565036.4685058594
5,15,25.0,-25.0,1234141.4642333984,2020316.7724609375
5,16,25.0,-25.0,952759.3994140625,1884586.181640625
5,17,25.0,-25.0,937549.2858886719,1563923.7976074219
5,18,25.0,-25.0,540979.1564941406,843505.1727294922
5,19,25.0,-25.0,799063.4155273438,1225156.6314697266
5,1,25.0,-25.0,1172650.375366211,1840734.5581054688
5,20,25.0,-25.0,162731.13250732422,327562.56103515625
5,21,25.0,-25.0,2416966.552734375,4734091.491699219
5,22,25.0,-25.0,135085.1058959961,388987.8845214844
5,23,25.0,-25.0,383348.388671875,615355.9494018555
5,24,25.0,-25.0,314159.5268249512,376490.7455444336
5,25,25.0,-25.0,32842.020988464355,76273.62251281738
5,26,25.0,-25.0,190651.5121459961,553212.1658325195
5,27,25.0,-25.0,647122.1160888672,1532322.6928710938
5,28,25.0,-25.0,425064.6209716797,1036107.3303222656
5,29,25.0,-25.0,91484.66110229492,219010.7536315918
5,2,25.0,-25.0,1059185.4858398438,1505951.6906738281
5,30,25.0,-25.0,75888.25702667236,85198.2307434082
5,31,25.0,-25.0,669245.7580566406,909947.2808837891
5,32,25.0,-25.0,1407789.1540527344,2571559.4482421875
5,33,25.0,-25.0,4898668.212890625,9155935.05859375
5,34,25.0,-25.0,680299.1485595703,1558799.5910644531
5,35,25.0,-25.0,567680.8166503906,1384022.5219726562
5,36,25.0,-25.0,192864.97116088867,422890.8157348633
5,37,25.0,-25.0,147932.88230895996,389306.7169189453
5,38,25.0,-25.0,1868457.03125,3762801.2084960938
5,39,25.0,-25.0,1037202.8350830078,2516101.531982422
5,3,25.0,-25.0,660910.1867675781,902457.7331542969
5,40,25.0,-25.0,692452.8503417969,1501251.8310546875
5,41,25.0,-25.0,1313691.40625,1835302.734375
5,42,25.0,-25.0,1043012.6953125,1294465.1794433594
5,43,25.0,-25.0,695359.8785400391,913973.0072021484
5,44,25.0,-25.0,1309457.7026367188,2356284.4848632812
5,45,25.0,-25.0,1554807.8918457031,4261182.556152344
5,46,25.0,-25.0,3400438.232421875,5651639.404296875
5,47,25.0,-25.0,3700793.45703125,6802841.796875
5,48,25.0,-25.0,222354.35485839844,1191087.7227783203
5,49,25.0,-25.0,1266513.5192871094,2851582.3364257812
5,4,25.0,-25.0,140208.9500427246,214790.05813598633
5,50,25.0,-25.0,1070976.333618164,2514200.897216797
5,51,25.0,-25.0,578510.4370117188,1440499.1149902344
5,52,25.0,-25.0,516206.1309814453,1012873.9166259766
5,53,25.0,-25.0,967156.4483642578,1735078.8879394531
5,54,25.0,-25.0,2254898.8342285156,3562536.62109375
5,55,25.0,-25.0,180799.17907714844,316336.9369506836
5,56,25.0,-25.0,85924.29161071777,124535.3889465332
5,57,25.0,-25.0,2800420.2270507812,5217579.9560546875
5,58,25.0,-25.0,1848866.2719726562,3633007.5073242188
5,59,25.0,-25.0,1331001.1291503906,3155208.740234375
5,5,25.0,-25.0,456783.0276489258,779045.3338623047
5,60,25.0,-25.0,2081106.5673828125,4739169.006347656
5,61,25.0,-25.0,2135431.2133789062,3716153.8696289062
5,62,25.0,-25.0,2385998.2299804688,3907619.62890625
5,63,25.0,-25.0,667732.0098876953,1334716.1865234375
5,64,25.0,-25.0,114351.98783874512,256957.0541381836
5,65,25.0,-25.0,1875494.2321777344,3195051.5747070312
5,66,25.0,-25.0,2185124.969482422,3731448.3642578125
5,67,25.0,-25.0,574092.4453735352,1177554.0924072266
5,68,25.0,-25.0,1244270.8587646484,1991228.3325195312
5,69,25.0,-25.0,269101.20010375977,388665.46630859375
5,6,25.0,-25.0,771761.6271972656,1334499.6643066406
5,70,25.0,-25.0,4129865.72265625,5293921.5087890625
5,71,25.0,-25.0,118703.05061340332,320919.0368652344
5,72,25.0,-25.0,2214541.6259765625,4028771.6674804688
5,73,25.0,-25.0,1649053.6499023438,3078963.9282226562
5,74,25.0,-25.0,421480.67474365234,781010.1318359375
5,75,25.0,-25.0,1649321.4416503906,2647695.9228515625
5,76,25.0,-25.0,1064794.5404052734,1879568.1762695312
5,77,25.0,-25.0,590129.4326782227,1222661.2854003906
5,78,25.0,-25.0,226621.05560302734,569621.2005615234
5,79,25.0,-25.0,1786496.8872070312,3004925.8422851562
5,7,25.0,-25.0,403212.8143310547,755403.3660888672
5,80,25.0,-25.0,1804507.5988769531,2661462.7075195312
5,81,25.0,-25.0,251452.57949829102,466169.8913574219
5,82,25.0,-25.0,1949929.9621582031,3715166.3208007812
5,83,25.0,-25.0,2200378.5705566406,3971619.5678710938
5,84,25.0,-25.0,2713471.9848632812,4456329.9560546875
5,85,25.0,-25.0,2437380.0659179688,4021648.2543945312
5,86,25.0,-25.0,549760.3607177734,1092095.947265625
5,87,25.0,-25.0,1259616.0125732422,2146670.2270507812
5,88,25.0,-25.0,1017802.8106689453,1643927.4597167969
5,89,25.0,-25.0,192932.68203735352,330570.79315185547
5,8,25.0,-25.0,3322548.5229492188,5932448.73046875
5,90,25.0,-25.0,567756.9198608398,986645.5841064453
5,91,25.0,-25.0,1514529.2663574219,2198313.5986328125
5,92,25.0,-25.0,781913.8336181641,1214850.9979248047
5,93,25.0,-25.0,111289.84451293945,288141.8037414551
5,94,25.0,-25.0,2187353.6682128906,3885983.5815429688
5,95,25.0,-25.0,2860066.8334960938,4483625.793457031
5,96,25.0,-25.0,2000420.0744628906,3613469.8486328125
5,97,25.0,-25.0,1106102.294921875,1960458.6791992188
5,98,25.0,-25.0,1610785.8276367188,2651542.96875
5,99,25.0,-25.0,530201.9882202148,1027565.7653808594
5,9,25.0,-25.0,5280512.6953125,7769027.7099609375
2,100,25.0,-25.0,1097402.8015136719,1871760.8642578125
2,101,25.0,-25.0,693462.9821777344,1256946.1059570312
2,102,25.0,-25.0,878836.669921875,1427878.1127929688
2,103,25.0,-25.0,305725.4219055176,517359.0850830078
2,104,25.0,-25.0,213769.58847045898,325755.0048828125
2,105,25.0,-25.0,250592.9946899414,382503.62396240234
2,106,25.0,-25.0,1252197.036743164,1990048.5229492188
2,107,25.0,-25.0,686134.2620849609,1345864.4104003906
2,108,25.0,-25.0,826731.7962646484,1906325.0732421875
2,109,25.0,-25.0,902245.7885742188,1195134.2010498047
2,10,25.0,-25.0,170375.0991821289,290209.5603942871
2,110,25.0,-25.0,811100.7690429688,1259859.6954345703
2,111,25.0,-25.0,417781.75354003906,762116.3940429688
2,112,25.0,-25.0,227958.92715454102,360867.19512939453
2,113,25.0,-25.0,598391.7236328125,906289.7491455078
2,114,25.0,-25.0,425665.9698486328,566513.1759643555
2,115,25.0,-25.0,267649.5933532715,362479.248046875
2,116,25.0,-25.0,308250.1220703125,451737.9379272461
2,117,25.0,-25.0,536818.1991577148,807056.1981201172
2,118,25.0,-25.0,868357.4676513672,1358531.7993164062
2,119,25.0,-25.0,1255742.7978515625,2104679.1076660156
2,11,25.0,-25.0,1035152.5115966797,1988604.1259765625
2,120,25.0,-25.0,644580.3833007812,1516172.7905273438
2,12,25.0,-25.0,571710.6246948242,1621599.4262695312
2,13,25.0,-25.0,337720.5276489258,243105.1254272461
2,14,25.0,-25.0,138836.89880371094,192236.5951538086
2,15,25.0,-25.0,2604406.73828125,4375628.0517578125
2,16,25.0,-25.0,1250997.7722167969,2185232.8491210938
2,17,25.0,-25.0,2680269.1650390625,4635792.8466796875
2,18,25.0,-25.0,583195.5718994141,1060113.6016845703
2,19,25.0,-25.0,1896186.6760253906,3515601.806640625
2,1,25.0,-25.0,496370.4299926758,254151.28707885742
2,20,25.0,-25.0,1083906.9366455078,2163691.2536621094
2,21,25.0,-25.0,1390496.5209960938,2908411.5600585938
2,22,25.0,-25.0,1800362.2436523438,3369355.46875
2,23,25.0,-25.0,629803.2760620117,1265924.7589111328
2,24,25.0,-25.0,362211.07482910156,837306.3659667969
2,25,25.0,-25.0,2783874.2065429688,2958435.6689453125
2,26,25.0,-25.0,748923.7976074219,1040175.6286621094
2,27,25.0,-25.0,1952527.3132324219,2906447.4487304688
2,28,25.0,-25.0,548783.6074829102,955885.009765625
2,29,25.0,-25.0,3109275.5126953125,5102170.104980469
2,2,25.0,-25.0,989512.8631591797,1307167.5109863281
2,30,25.0,-25.0,889911.9567871094,1541786.0412597656
2,31,25.0,-25.0,911715.0115966797,1653654.6325683594
2,32,25.0,-25.0,3402982.7880859375,6159046.0205078125
2,33,25.0,-25.0,479202.2705078125,994868.2403564453
2,34,25.0,-25.0,929095.6115722656,1723760.2233886719
2,35,25.0,-25.0,601561.9659423828,1139240.493774414
2,36,25.0,-25.0,540916.2521362305,1104783.5540771484
2,37,25.0,-25.0,351088.75274658203,497559.70001220703
2,38,25.0,-25.0,2027031.8603515625,2719644.775390625
2,39,25.0,-25.0,655803.1463623047,898865.2038574219
2,3,25.0,-25.0,699393.2342529297,1163279.5715332031
2,40,25.0,-25.0,1378920.8984375,1867260.7421875
2,41,25.0,-25.0,1111191.2536621094,1823681.7932128906
2,42,25.0,-25.0,2326216.583251953,3808027.6489257812
2,43,25.0,-25.0,4023937.98828125,6642418.212890625
2,44,25.0,-25.0,2515228.271484375,4477641.6015625
2,45,25.0,-25.0,1062486.2670898438,2053294.5251464844
2,46,25.0,-25.0,1149159.6984863281,1909545.1354980469
2,47,25.0,-25.0,1240009.765625,2031283.7219238281
2,48,25.0,-25.0,911991.5771484375,1800871.7346191406
2,49,25.0,-25.0,479350.20446777344,763229.7515869141
2,4,25.0,-25.0,1883224.3347167969,3467982.177734375
2,50,25.0,-25.0,2418329.9255371094,3587031.8603515625
2,51,25.0,-25.0,239408.37860107422,380118.90411376953
2,52,25.0,-25.0,820058.5174560547,977341.1560058594
2,53,25.0,-25.0,1530654.6020507812,2023448.1811523438
2,54,25.0,-25.0,153462.21923828125,242083.28247070312
2,55,25.0,-25.0,1481876.9836425781,2401416.9311523438
2,56,25.0,-25.0,689090.4998779297,1149443.588256836
2,57,25.0,-25.0,10527.558326721191,20194.98586654663
2,58,25.0,-25.0,1236654.8156738281,1920537.109375
2,59,25.0,-25.0,1540418.0908203125,2396876.983642578
2,5,25.0,-25.0,1679263.4582519531,3359921.875
2,60,25.0,-25.0,266544.1703796387,489406.77642822266
2,61,25.0,-25.0,572775.3829956055,927766.7999267578
2,62,25.0,-25.0,302714.4432067871,549551.6204833984
2,63,25.0,-25.0,464387.3977661133,818041.7633056641
2,64,25.0,-25.0,1342357.0251464844,1956169.7387695312
2,65,25.0,-25.0,762139.892578125,684751.5869140625
2,66,25.0,-25.0,2355953.6743164062,2680894.1650390625
2,67,25.0,-25.0,323279.6096801758,360380.2490234375
2,68,25.0,-25.0,1620936.279296875,2076836.5478515625
2,69,25.0,-25.0,1279883.4228515625,1823783.4167480469
2,6,25.0,-25.0,794129.638671875,1496251.3732910156
2,70,25.0,-25.0,1181212.387084961,1789825.5920410156
2,71,25.0,-25.0,1179121.4752197266,2021485.1379394531
2,72,25.0,-25.0,342468.3380126953,688220.5963134766
2,73,25.0,-25.0,627809.4482421875,1037218.1701660156
2,74,25.0,-25.0,846372.3754882812,1557368.7744140625
2,75,25.0,-25.0,1401512.9089355469,2505250.3967285156
2,76,25.0,-25.0,1674556.2744140625,2436848.907470703
2,77,25.0,-25.0,2488798.5229492188,3544021.6064453125
2,78,25.0,-25.0,1946432.6477050781,2336286.9262695312
2,79,25.0,-25.0,413560.1043701172,413324.62310791016
2,7,25.0,-25.0,1859827.4230957031,3369801.3305664062
2,80,25.0,-25.0,1252739.7918701172,1562456.6650390625
2,81,25.0,-25.0,1448065.9484863281,2271608.428955078
2,82,25.0,-25.0,378007.16400146484,694787.3687744141
2,83,25.0,-25.0,529395.1416015625,1050944.82421875
2,84,25.0,-25.0,762421.0357666016,1792390.8996582031
2,85,25.0,-25.0,398811.8362426758,779950.4852294922
2,86,25.0,-25.0,13405.104875564575,18865.76771736145
2,87,25.0,-25.0,230894.41299438477,497451.74407958984
2,88,25.0,-25.0,84202.31819152832,149155.9886932373
2,89,25.0,-25.0,742712.8601074219,1312949.21875
2,8,25.0,-25.0,2288091.8884277344,4016520.99609375
2,90,25.0,-25.0,862872.0092773438,1413785.7055664062
2,91,25.0,-25.0,632308.6166381836,970258.9416503906
2,92,25.0,-25.0,802680.7403564453,1224256.7443847656
2,93,25.0,-25.0,1995831.7565917969,3166412.0483398438
2,94,25.0,-25.0,2280181.7321777344,3666556.396484375
2,95,25.0,-25.0,840184.4787597656,1693149.5666503906
2,96,25.0,-25.0,1193067.7032470703,2665376.8920898438
2,97,25.0,-25.0,98979.63523864746,164398.68927001953
2,98,25.0,-25.0,924427.7191162109,1496559.9060058594
2,99,25.0,-25.0,772711.3342285156,1468572.2351074219
2,9,25.0,-25.0,1792393.0358886719,3104916.9921875
4,100,25.0,-25.0,3821161.8041992188,7874544.0673828125
4,101,25.0,-25.0,679269.4854736328,1479057.0068359375
4,102,25.0,-25.0,1709917.2973632812,3350629.5776367188
4,103,25.0,-25.0,27189.9151802063,52057.02781677246
4,104,25.0,-25.0,1632222.2900390625,2591560.05859375
4,105,25.0,-25.0,960293.4265136719,1696396.9421386719
4,106,25.0,-25.0,1700532.6843261719,2873636.474609375
4,107,25.0,-25.0,320483.7417602539,597008.4762573242
4,108,25.0,-25.0,1053300.9338378906,1921034.0881347656
4,109,25.0,-25.0,1250363.1591796875,2851901.5502929688
4,10,25.0,-25.0,570682.6019287109,1061894.4549560547
4,110,25.0,-25.0,249822.6547241211,650252.8381347656
4,111,25.0,-25.0,2386908.416748047,5416140.7470703125
4,112,25.0,-25.0,3429340.5151367188,7342851.5625
4,113,25.0,-25.0,1826101.6845703125,4172649.8413085938
4,114,25.0,-25.0,878808.9752197266,1943401.1840820312
4,115,25.0,-25.0,1271910.629272461,2172167.96875
4,116,25.0,-25.0,1648547.2106933594,2499148.406982422
4,117,25.0,-25.0,569719.0856933594,1007572.3266601562
4,118,25.0,-25.0,895489.8071289062,1542590.4846191406
4,119,25.0,-25.0,957964.9353027344,1677634.1247558594
4,11,25.0,-25.0,1583403.1677246094,2271064.910888672
4,120,25.0,-25.0,887113.8763427734,1484087.9821777344
4,12,25.0,-25.0,678256.1492919922,1241201.3244628906
4,13,25.0,-25.0,1455932.1594238281,3641100.4638671875
4,14,25.0,-25.0,1057249.8321533203,2326549.2248535156
4,15,25.0,-25.0,2931924.4384765625,6604190.673828125
4,16,25.0,-25.0,2854606.3232421875,6373192.138671875
4,17,25.0,-25.0,7314613.037109375,12986408.69140625
4,18,25.0,-25.0,496641.845703125,1090095.5963134766
4,19,25.0,-25.0,4234614.2578125,6292938.8427734375
4,1,25.0,-25.0,2017612.9150390625,5376943.9697265625
4,20,25.0,-25.0,1134475.326538086,2290796.5087890625
4,21,25.0,-25.0,2241028.289794922,3648952.0263671875
4,22,25.0,-25.0,1137172.3937988281,2118419.647216797
4,23,25.0,-25.0,377549.9725341797,763730.7739257812
4,24,25.0,-25.0,790241.3177490234,1439668.8842773438
4,25,25.0,-25.0,2090120.5444335938,4824441.833496094
4,26,25.0,-25.0,977359.3139648438,2170869.598388672
4,27,25.0,-25.0,1090261.3067626953,2746605.5297851562
4,28,25.0,-25.0,1225243.6065673828,3216186.5234375
4,29,25.0,-25.0,1665608.5205078125,3875259.3994140625
4,2,25.0,-25.0,3281931.7626953125,7809777.83203125
4,30,25.0,-25.0,3684602.6611328125,6776756.591796875
4,31,25.0,-25.0,897000.9613037109,1950338.5925292969
4,32,25.0,-25.0,1308959.1979980469,2357721.2524414062
4,33,25.0,-25.0,754535.9802246094,1406558.3801269531
4,34,25.0,-25.0,799044.4183349609,1684129.0283203125
4,35,25.0,-25.0,449537.8112792969,914109.3444824219
4,36,25.0,-25.0,1249325.7141113281,2187586.9750976562
4,37,25.0,-25.0,925378.41796875,2272825.6225585938
4,38,25.0,-25.0,10040.79818725586,20193.13335418701
4,39,25.0,-25.0,3089787.2924804688,6665588.9892578125
4,3,25.0,-25.0,517427.74963378906,1404731.5979003906
4,40,25.0,-25.0,2159029.3884277344,4947494.5068359375
4,41,25.0,-25.0,594992.4850463867,1574603.4240722656
4,42,25.0,-25.0,1259533.9965820312,2765315.2465820312
4,43,25.0,-25.0,2253655.242919922,4505148.620605469
4,44,25.0,-25.0,2001986.5417480469,3748331.6040039062
4,45,25.0,-25.0,1273562.7746582031,2738036.4990234375
4,46,25.0,-25.0,2646174.6215820312,5380838.623046875
4,47,25.0,-25.0,1395623.3215332031,2977952.880859375
4,48,25.0,-25.0,498857.1548461914,1236759.262084961
4,49,25.0,-25.0,279342.4415588379,690674.8199462891
4,4,25.0,-25.0,1082991.714477539,3041675.1098632812
4,50,25.0,-25.0,422742.1569824219,954714.5080566406
4,51,25.0,-25.0,1900865.1733398438,4444255.065917969
4,52,25.0,-25.0,1785640.869140625,4076447.4487304688
4,53,25.0,-25.0,968391.4184570312,2301380.7678222656
4,54,25.0,-25.0,180460.26229858398,457708.85467529297
4,55,25.0,-25.0,296555.8433532715,738413.9251708984
4,56,25.0,-25.0,1142918.6248779297,2417186.1267089844
4,57,25.0,-25.0,482260.97106933594,1156938.705444336
4,58,25.0,-25.0,1624876.708984375,3885157.470703125
4,59,25.0,-25.0,2706096.4965820312,5526148.0712890625
4,5,25.0,-25.0,4964892.272949219,9114440.91796875
4,60,25.0,-25.0,2118985.9008789062,4615356.750488281
4,61,25.0,-25.0,1788871.7651367188,3659974.9755859375
4,62,25.0,-25.0,1309221.3439941406,2889742.431640625
4,63,25.0,-25.0,2365848.846435547,5210669.5556640625
4,64,25.0,-25.0,450636.02447509766,1313374.3286132812
4,65,25.0,-25.0,109396.6293334961,414611.8927001953
4,66,25.0,-25.0,1804378.9672851562,3412334.8999023438
4,67,25.0,-25.0,1592777.099609375,2884215.6982421875
4,68,25.0,-25.0,931816.9403076172,1832335.8154296875
4,69,25.0,-25.0,871472.2442626953,1951337.5854492188
4,6,25.0,-25.0,3146697.998046875,6008897.705078125
4,70,25.0,-25.0,808705.0628662109,1848136.2915039062
4,71,25.0,-25.0,14589.303731918335,37987.380027770996
4,72,25.0,-25.0,230033.1687927246,529377.2125244141
4,73,25.0,-25.0,628738.6703491211,1654852.7526855469
4,74,25.0,-25.0,2054293.3654785156,4503544.3115234375
4,75,25.0,-25.0,387135.5438232422,1026320.7244873047
4,76,25.0,-25.0,1452800.7507324219,3469074.0966796875
4,77,25.0,-25.0,2356614.227294922,4791785.888671875
4,78,25.0,-25.0,1889065.3991699219,3640345.458984375
4,79,25.0,-25.0,709087.7532958984,1461349.4873046875
4,7,25.0,-25.0,2766915.283203125,5309860.2294921875
4,80,25.0,-25.0,696162.109375,1545219.8791503906
4,81,25.0,-25.0,942773.3612060547,2007205.810546875
4,82,25.0,-25.0,1690562.2863769531,3268277.587890625
4,83,25.0,-25.0,2188593.75,4447487.487792969
4,84,25.0,-25.0,4084074.70703125,7848353.8818359375
4,85,25.0,-25.0,1845146.9421386719,4027095.0317382812
4,86,25.0,-25.0,219065.36102294922,595627.7847290039
4,87,25.0,-25.0,2878225.7080078125,6049422.607421875
4,88,25.0,-25.0,46718.28269958496,130162.2200012207
4,89,25.0,-25.0,1393342.1325683594,3038801.5747070312
4,8,25.0,-25.0,2374039.306640625,4047441.40625
4,90,25.0,-25.0,396886.63482666016,1037321.8536376953
4,91,25.0,-25.0,851341.4001464844,1673322.9064941406
4,92,25.0,-25.0,1351001.8920898438,2399857.177734375
4,93,25.0,-25.0,84818.40133666992,203997.63107299805
4,94,25.0,-25.0,1697818.9086914062,3138052.0629882812
4,95,25.0,-25.0,972628.0975341797,1897548.0651855469
4,96,25.0,-25.0,332731.89544677734,698301.1627197266
4,97,25.0,-25.0,52423.25782775879,163577.42309570312
4,98,25.0,-25.0,790732.1929931641,1860868.0725097656
4,99,25.0,-25.0,1695492.7062988281,3751409.6069335938
4,9,25.0,-25.0,264008.06427001953,602437.0574951172
6,100,25.0,-25.0,979575.1190185547,1652410.2783203125
6,101,25.0,-25.0,6528.803110122681,9286.349415779114
6,102,25.0,-25.0,821331.8634033203,1174334.0301513672
6,103,25.0,-25.0,891330.7189941406,1227034.7595214844
6,104,25.0,-25.0,685269.5465087891,1121546.859741211
6,105,25.0,-25.0,503542.2134399414,833314.5141601562
6,106,25.0,-25.0,224432.56378173828,457145.3094482422
6,107,25.0,-25.0,1192471.8475341797,1906764.6789550781
6,108,25.0,-25.0,954233.3984375,1337691.0400390625
6,109,25.0,-25.0,211942.4819946289,425693.0923461914
6,10,25.0,-25.0,1836949.462890625,3099584.9609375
6,110,25.0,-25.0,1219840.8508300781,1938234.7106933594
6,111,25.0,-25.0,849884.8724365234,1380115.2038574219
6,112,25.0,-25.0,1897105.4077148438,2614483.0322265625
6,113,25.0,-25.0,582671.5850830078,814714.9658203125
6,114,25.0,-25.0,496053.3905029297,597370.719909668
6,115,25.0,-25.0,929556.9610595703,1173849.4873046875
6,116,25.0,-25.0,80375.71907043457,130305.29022216797
6,117,25.0,-25.0,785145.6451416016,969883.8806152344
6,118,25.0,-25.0,136446.94328308105,179642.75360107422
6,119,25.0,-25.0,612266.731262207,846257.0190429688
6,11,25.0,-25.0,957007.4462890625,2115082.550048828
6,120,25.0,-25.0,168985.00442504883,238856.16302490234
6,12,25.0,-25.0,516859.51232910156,738900.6805419922
6,13,25.0,-25.0,1321869.3542480469,2088619.9951171875
6,14,25.0,-25.0,72687.60681152344,194822.5212097168
6,15,25.0,-25.0,161145.26748657227,311890.926361084
6,16,25.0,-25.0,1077467.1936035156,1515488.8916015625
6,17,25.0,-25.0,1141836.7767333984,1777963.1042480469
6,18,25.0,-25.0,217103.21426391602,394751.1291503906
6,19,25.0,-25.0,1237115.0970458984,2011553.8024902344
6,1,25.0,-25.0,1333399.8107910156,1994221.19140625
6,20,25.0,-25.0,1110730.6671142578,1891958.9233398438
6,21,25.0,-25.0,1879066.0095214844,3000086.3647460938
6,22,25.0,-25.0,576220.6268310547,1043659.9731445312
6,23,25.0,-25.0,664204.2541503906,859946.4416503906
6,24,25.0,-25.0,1144358.5968017578,2237886.8103027344
6,25,25.0,-25.0,1403319.5495605469,2282714.2333984375
6,26,25.0,-25.0,1460481.4147949219,2182175.1403808594
6,27,25.0,-25.0,823024.90234375,1193525.9246826172
6,28,25.0,-25.0,263027.83966064453,383714.82849121094
6,29,25.0,-25.0,1048863.6779785156,1479639.5874023438
6,2,25.0,-25.0,1513631.1340332031,2237851.7150878906
6,30,25.0,-25.0,396099.5864868164,805179.5959472656
6,31,25.0,-25.0,1124830.1696777344,2221208.1909179688
6,32,25.0,-25.0,1140638.5040283203,2330331.8786621094
6,33,25.0,-25.0,787006.9885253906,1569193.2678222656
6,34,25.0,-25.0,1318348.8464355469,2030429.5349121094
6,35,25.0,-25.0,1648063.8122558594,2950393.6767578125
6,36,25.0,-25.0,1667162.1704101562,4010700.3784179688
6,37,25.0,-25.0,807747.4212646484,1730987.2436523438
6,38,25.0,-25.0,529213.7908935547,1022563.4765625
6,39,25.0,-25.0,38280.930519104004,61815.27614593506
6,3,25.0,-25.0,1582740.6311035156,2392366.6381835938
6,40,25.0,-25.0,606746.711730957,843060.0738525391
6,41,25.0,-25.0,217173.9387512207,359177.7038574219
6,42,25.0,-25.0,775241.4703369141,1383404.8461914062
6,43,25.0,-25.0,1659862.2131347656,3103296.8139648438
6,44,25.0,-25.0,900765.5334472656,2022944.6411132812
6,45,25.0,-25.0,166920.12786865234,431174.88861083984
6,46,25.0,-25.0,587224.5788574219,947086.4105224609
6,47,25.0,-25.0,1113301.6204833984,2066567.5354003906
6,48,25.0,-25.0,1884563.1408691406,3635526.4282226562
6,49,25.0,-25.0,508843.9178466797,1287143.8598632812
6,4,25.0,-25.0,119478.92189025879,218021.27838134766
6,50,25.0,-25.0,860934.6771240234,1635465.6982421875
6,51,25.0,-25.0,1165503.2348632812,1779379.7302246094
6,52,25.0,-25.0,237152.15682983398,439637.6419067383
6,53,25.0,-25.0,738062.744140625,1275143.4326171875
6,54,25.0,-25.0,344089.35546875,626950.9887695312
6,55,25.0,-25.0,503436.7370605469,1124026.7944335938
6,56,25.0,-25.0,1566535.0341796875,2745093.3837890625
6,57,25.0,-25.0,940978.5461425781,1468525.0854492188
6,58,25.0,-25.0,233679.58068847656,377813.68255615234
6,59,25.0,-25.0,1307165.9851074219,2325075.5310058594
6,5,25.0,-25.0,956390.8386230469,1739210.3576660156
6,60,25.0,-25.0,3376143.798828125,5198491.2109375
6,61,25.0,-25.0,1531766.357421875,3215367.1264648438
6,62,25.0,-25.0,1511258.0871582031,2657023.3154296875
6,63,25.0,-25.0,2315800.9338378906,3599613.037109375
6,64,25.0,-25.0,1066507.0343017578,1969081.8786621094
6,65,25.0,-25.0,1290099.3347167969,2373961.944580078
6,66,25.0,-25.0,1702019.1955566406,2865349.4262695312
6,67,25.0,-25.0,1295866.8518066406,2353582.763671875
6,68,25.0,-25.0,1212352.6000976562,2040148.4680175781
6,69,25.0,-25.0,996708.5266113281,1652892.6086425781
6,6,25.0,-25.0,1133083.49609375,1973772.7355957031
6,70,25.0,-25.0,1546230.3161621094,2609861.4501953125
6,71,25.0,-25.0,5448247.6806640625,7581945.80078125
6,72,25.0,-25.0,3033130.1879882812,4885561.5234375
6,73,25.0,-25.0,841780.7006835938,1831437.3779296875
6,74,25.0,-25.0,407098.5412597656,801871.337890625
6,75,25.0,-25.0,557027.2445678711,959085.6170654297
6,76,25.0,-25.0,1247920.5322265625,2264205.9326171875
6,77,25.0,-25.0,508041.9158935547,1076370.7733154297
6,78,25.0,-25.0,122704.84924316406,224934.46350097656
6,79,25.0,-25.0,457119.4076538086,779034.8815917969
6,7,25.0,-25.0,1050622.6348876953,1657113.6474609375
6,80,25.0,-25.0,27689.833641052246,34629.483222961426
6,81,25.0,-25.0,880423.9654541016,1677622.9858398438
6,82,25.0,-25.0,1009409.7900390625,1956347.65625
6,83,25.0,-25.0,1072602.9968261719,2068907.6232910156
6,84,25.0,-25.0,50306.69689178467,113089.55192565918
6,85,25.0,-25.0,714708.8623046875,1505462.4938964844
6,86,25.0,-25.0,454792.86193847656,855408.6303710938
6,87,25.0,-25.0,751402.1301269531,1327292.6330566406
6,88,25.0,-25.0,663115.7684326172,1148545.3796386719
6,89,25.0,-25.0,521389.3508911133,923718.5668945312
6,8,25.0,-25.0,604707.2601318359,977058.1817626953
6,90,25.0,-25.0,186246.08993530273,333219.98596191406
6,91,25.0,-25.0,868933.4106445312,1351520.5383300781
6,92,25.0,-25.0,1154209.8236083984,1832783.6608886719
6,93,25.0,-25.0,366223.6785888672,731949.0051269531
6,94,25.0,-25.0,979503.173828125,2071055.908203125
6,95,25.0,-25.0,1193354.721069336,2552704.9255371094
6,96,25.0,-25.0,1063649.673461914,2072238.3117675781
6,97,25.0,-25.0,622906.3415527344,1292449.0356445312
6,98,25.0,-25.0,547219.8104858398,960477.8289794922
6,99,25.0,-25.0,439127.9983520508,844630.2032470703
6,9,25.0,-25.0,950554.4281005859,1645312.6525878906
